---
layout: nil
---
<?xml version="1.0" encoding="utf-8"?>
<feed xmlns="http://www.w3.org/2005/Atom">
 
	<title>{{ site.title }}</title>
	<subtitle>{{ site.description }}</subtitle>
	<link href="{{ site.url }}{{ site.feed }}" rel="self" type="application/atom+xml" />
	<link href="{{ site.url }}" rel="alternate" type="text/html" />
	<id>{{ site.url }}</id>
	<updated>{{ site.time | date_to_xmlschema }}</updated>
	<author>
		<name>{{ site.author.name }}</name>
	</author>

	{% for post in site.posts limit:10 %}
		<entry>
			<title>{{ post.title }}</title>
			<link href="{{ site.url }}{{ post.url }}" rel="alternate" type="text/html" />
			<updated>{{ post.date | date_to_xmlschema }}</updated>
			<id>{{ site.url }}{{ post.id }}</id>
			<content type="html">{{ post.content | xml_escape }}</content>
		</entry>
	{% endfor %}
 
</feed>
